{
  "RAG-HotpotQA-2k": {
    "n": 200,
    "mean": 4.125,
    "distribution": {
      "0": 15,
      "1": 7,
      "2": 12,
      "3": 11,
      "4": 14,
      "5": 141
    }
  },
  "RAG-HotpotQA-4k": {
    "n": 200,
    "mean": 4.215,
    "distribution": {
      "0": 12,
      "1": 8,
      "2": 10,
      "3": 7,
      "4": 21,
      "5": 142
    }
  },
  "RAG-HotpotQA-8k": {
    "n": 200,
    "mean": 4.225,
    "distribution": {
      "0": 13,
      "1": 5,
      "2": 11,
      "3": 10,
      "4": 17,
      "5": 144
    }
  },
  "RAG-Novel-8k": {
    "n": 131,
    "mean": 3.8396946564885495,
    "distribution": {
      "0": 7,
      "1": 6,
      "2": 6,
      "3": 19,
      "4": 37,
      "5": 56
    },
    "easy": {
      "n": 31,
      "mean": 4.419354838709677
    },
    "medium": {
      "n": 69,
      "mean": 3.9855072463768115
    },
    "hard": {
      "n": 31,
      "mean": 2.935483870967742
    },
    "by_category": {
      "item": 4.565217391304348,
      "character": 3.9166666666666665,
      "reasoning": 3.4225352112676055,
      "location": 4.5,
      "event": 4.454545454545454,
      "relationship": 1.0
    }
  },
  "MSA-HotpotQA-2k": {
    "n": 200,
    "mean": 4.46,
    "distribution": {
      "0": 12,
      "1": 6,
      "2": 1,
      "3": 5,
      "4": 11,
      "5": 165
    }
  },
  "MSA-HotpotQA-4k": {
    "n": 200,
    "mean": 4.44,
    "distribution": {
      "0": 10,
      "1": 8,
      "2": 4,
      "3": 5,
      "4": 8,
      "5": 165
    }
  },
  "MSA-HotpotQA-8k": {
    "n": 200,
    "mean": 4.26,
    "distribution": {
      "0": 14,
      "1": 12,
      "2": 4,
      "3": 5,
      "4": 8,
      "5": 157
    }
  },
  "MSA-Novel-8k": {
    "n": 131,
    "mean": 2.801526717557252,
    "distribution": {
      "0": 16,
      "1": 30,
      "2": 12,
      "3": 15,
      "4": 22,
      "5": 36
    },
    "easy": {
      "n": 31,
      "mean": 3.193548387096774
    },
    "medium": {
      "n": 69,
      "mean": 2.869565217391304
    },
    "hard": {
      "n": 31,
      "mean": 2.2580645161290325
    },
    "by_category": {
      "item": 3.0,
      "character": 3.75,
      "reasoning": 2.704225352112676,
      "event": 2.5454545454545454,
      "location": 2.0,
      "relationship": 1.0
    }
  },
  "D2L-HotpotQA-2k": {
    "n": 200,
    "mean": 1.81,
    "distribution": {
      "0": 66,
      "1": 67,
      "2": 7,
      "3": 4,
      "4": 11,
      "5": 45
    }
  },
  "D2L-HotpotQA-4k": {
    "n": 200,
    "mean": 1.49,
    "distribution": {
      "0": 83,
      "1": 62,
      "2": 4,
      "3": 9,
      "4": 9,
      "5": 33
    }
  },
  "D2L-HotpotQA-8k": {
    "n": 200,
    "mean": 1.435,
    "distribution": {
      "0": 77,
      "1": 74,
      "2": 5,
      "3": 4,
      "4": 9,
      "5": 31
    }
  },
  "D2L-Novel-8k": {
    "n": 131,
    "mean": 0.6564885496183206,
    "distribution": {
      "0": 64,
      "1": 52,
      "2": 12,
      "3": 2,
      "4": 1
    },
    "easy": {
      "n": 31,
      "mean": 0.6451612903225806
    },
    "medium": {
      "n": 69,
      "mean": 0.5942028985507246
    },
    "hard": {
      "n": 31,
      "mean": 0.8064516129032258
    },
    "by_category": {
      "item": 0.6521739130434783,
      "character": 0.5833333333333334,
      "reasoning": 0.676056338028169,
      "location": 0.5,
      "event": 0.6363636363636364,
      "relationship": 1.0
    }
  }
}